"benchmark","database","VFS","phase","scale_factor","value","unit","test-specific-info","threads""SSB","SQLite","PMem","evaluation"1","0.500177","s","q1.1","1"
"SSB-524288","SQLite","PMem","evaluation"1","0.59419","s","q1.1","1"
"SSB-524288","SQLite","PMem","evaluation"1","0.495667","s","q1.2","1"
"SSB-524288","SQLite","PMem","evaluation"1","0.439322","s","q1.3","1"
"SSB-524288","SQLite","PMem","evaluation"1","4.77467","s","q2.1","1"
"SSB-524288","SQLite","PMem","evaluation"1","4.64579","s","q2.2","1"
"SSB-524288","SQLite","PMem","evaluation"1","4.50175","s","q2.3","1"
"SSB-524288","SQLite","PMem","evaluation"1","2.34789","s","q3.1","1"
"SSB-524288","SQLite","PMem","evaluation"1","1.53771","s","q3.2","1"
"SSB-524288","SQLite","PMem","evaluation"1","1.54196","s","q3.3","1"
"SSB-524288","SQLite","PMem","evaluation"1","1.55241","s","q3.4","1"
"SSB-524288","SQLite","PMem","evaluation"1","2.30857","s","q4.1","1"
"SSB-524288","SQLite","PMem","evaluation"1","1.47996","s","q4.2","1"
"SSB-524288","SQLite","PMem","evaluation"1","1.41957","s","q4.3","1"
"SSB-524288","SQLite","PMem","evaluation"1","0.58993","s","q1.1","1"
"SSB-524288","SQLite","PMem","evaluation"1","0.493077","s","q1.2","1"
"SSB-524288","SQLite","PMem","evaluation"1","0.437879","s","q1.3","1"
"SSB-524288","SQLite","PMem","evaluation"1","4.8956","s","q2.1","1"
"SSB-524288","SQLite","PMem","evaluation"1","4.67642","s","q2.2","1"
"SSB-524288","SQLite","PMem","evaluation"1","4.53659","s","q2.3","1"
"SSB-524288","SQLite","PMem","evaluation"1","2.21715","s","q3.1","1"
"SSB-524288","SQLite","PMem","evaluation"1","1.50332","s","q3.2","1"
"SSB-524288","SQLite","PMem","evaluation"1","1.52674","s","q3.3","1"
"SSB-524288","SQLite","PMem","evaluation"1","1.53473","s","q3.4","1"
"SSB-524288","SQLite","PMem","evaluation"1","2.24464","s","q4.1","1"
"SSB-524288","SQLite","PMem","evaluation"1","1.46759","s","q4.2","1"
"SSB-524288","SQLite","PMem","evaluation"1","1.39322","s","q4.3","1"
"SSB-524288","SQLite","PMem","evaluation"1","0.586183","s","q1.1","1"
"SSB-524288","SQLite","PMem","evaluation"1","0.491433","s","q1.2","1"
"SSB-524288","SQLite","PMem","evaluation"1","0.440833","s","q1.3","1"
"SSB-524288","SQLite","PMem","evaluation"1","4.84137","s","q2.1","1"
"SSB-524288","SQLite","PMem","evaluation"1","4.67842","s","q2.2","1"
"SSB-524288","SQLite","PMem","evaluation"1","4.52602","s","q2.3","1"
"SSB-524288","SQLite","PMem","evaluation"1","2.22799","s","q3.1","1"
"SSB-524288","SQLite","PMem","evaluation"1","1.50032","s","q3.2","1"
"SSB-524288","SQLite","PMem","evaluation"1","1.53619","s","q3.3","1"
"SSB-524288","SQLite","PMem","evaluation"1","1.52659","s","q3.4","1"
"SSB-524288","SQLite","PMem","evaluation"1","2.24125","s","q4.1","1"
"SSB-524288","SQLite","PMem","evaluation"1","1.47042","s","q4.2","1"
"SSB-524288","SQLite","PMem","evaluation"1","1.40147","s","q4.3","1"
"SSB-0","SQLite","PMem","evaluation"1","0.603255","s","q1.1","1"
"SSB-0","SQLite","PMem","evaluation"1","0.398205","s","q1.2","1"
"SSB-0","SQLite","PMem","evaluation"1","0.379881","s","q1.3","1"
"SSB-0","SQLite","PMem","evaluation"1","0.473631","s","q2.1","1"
"SSB-0","SQLite","PMem","evaluation"1","0.375936","s","q2.2","1"
"SSB-0","SQLite","PMem","evaluation"1","0.352232","s","q2.3","1"
"SSB-0","SQLite","PMem","evaluation"1","0.930524","s","q3.1","1"
"SSB-0","SQLite","PMem","evaluation"1","0.349939","s","q3.2","1"
"SSB-0","SQLite","PMem","evaluation"1","0.32478","s","q3.3","1"
"SSB-0","SQLite","PMem","evaluation"1","0.32169","s","q3.4","1"
"SSB-0","SQLite","PMem","evaluation"1","0.679973","s","q4.1","1"
"SSB-0","SQLite","PMem","evaluation"1","0.6327","s","q4.2","1"
"SSB-0","SQLite","PMem","evaluation"1","0.512099","s","q4.3","1"
"SSB-0","SQLite","PMem","evaluation"1","0.613202","s","q1.1","1"
"SSB-0","SQLite","PMem","evaluation"1","0.400793","s","q1.2","1"
"SSB-0","SQLite","PMem","evaluation"1","0.384626","s","q1.3","1"
"SSB-0","SQLite","PMem","evaluation"1","0.476324","s","q2.1","1"
"SSB-0","SQLite","PMem","evaluation"1","0.377402","s","q2.2","1"
"SSB-0","SQLite","PMem","evaluation"1","0.351819","s","q2.3","1"
"SSB-0","SQLite","PMem","evaluation"1","0.936978","s","q3.1","1"
"SSB-0","SQLite","PMem","evaluation"1","0.351076","s","q3.2","1"
"SSB-0","SQLite","PMem","evaluation"1","0.324449","s","q3.3","1"
"SSB-0","SQLite","PMem","evaluation"1","0.323361","s","q3.4","1"
"SSB-0","SQLite","PMem","evaluation"1","0.679582","s","q4.1","1"
"SSB-0","SQLite","PMem","evaluation"1","0.631257","s","q4.2","1"
"SSB-0","SQLite","PMem","evaluation"1","0.512733","s","q4.3","1"
"SSB-0","SQLite","PMem","evaluation"1","0.602066","s","q1.1","1"
"SSB-0","SQLite","PMem","evaluation"1","0.397645","s","q1.2","1"
"SSB-0","SQLite","PMem","evaluation"1","0.377264","s","q1.3","1"
"SSB-0","SQLite","PMem","evaluation"1","0.467374","s","q2.1","1"
"SSB-0","SQLite","PMem","evaluation"1","0.374541","s","q2.2","1"
"SSB-0","SQLite","PMem","evaluation"1","0.350541","s","q2.3","1"
"SSB-0","SQLite","PMem","evaluation"1","0.92261","s","q3.1","1"
"SSB-0","SQLite","PMem","evaluation"1","0.351243","s","q3.2","1"
"SSB-0","SQLite","PMem","evaluation"1","0.324457","s","q3.3","1"
"SSB-0","SQLite","PMem","evaluation"1","0.321514","s","q3.4","1"
"SSB-0","SQLite","PMem","evaluation"1","0.687086","s","q4.1","1"
"SSB-0","SQLite","PMem","evaluation"1","0.634441","s","q4.2","1"
"SSB-0","SQLite","PMem","evaluation"1","0.513021","s","q4.3","1"
"SSB-524288","SQLite","unix","evaluation"1","1.14362","s","q1.1","1"
"SSB-524288","SQLite","unix","evaluation"1","0.799208","s","q1.2","1"
"SSB-524288","SQLite","unix","evaluation"1","0.643884","s","q1.3","1"
"SSB-524288","SQLite","unix","evaluation"1","14.0244","s","q2.1","1"
"SSB-524288","SQLite","unix","evaluation"1","13.7332","s","q2.2","1"
"SSB-524288","SQLite","unix","evaluation"1","13.4341","s","q2.3","1"
"SSB-524288","SQLite","unix","evaluation"1","5.56097","s","q3.1","1"
"SSB-524288","SQLite","unix","evaluation"1","3.97155","s","q3.2","1"
"SSB-524288","SQLite","unix","evaluation"1","3.83906","s","q3.3","1"
"SSB-524288","SQLite","unix","evaluation"1","3.83348","s","q3.4","1"
"SSB-524288","SQLite","unix","evaluation"1","5.88524","s","q4.1","1"
"SSB-524288","SQLite","unix","evaluation"1","3.48639","s","q4.2","1"
"SSB-524288","SQLite","unix","evaluation"1","3.34971","s","q4.3","1"
"SSB-524288","SQLite","unix","evaluation"1","1.12842","s","q1.1","1"
"SSB-524288","SQLite","unix","evaluation"1","0.796048","s","q1.2","1"
"SSB-524288","SQLite","unix","evaluation"1","0.644469","s","q1.3","1"
"SSB-524288","SQLite","unix","evaluation"1","14.3817","s","q2.1","1"
"SSB-524288","SQLite","unix","evaluation"1","13.7913","s","q2.2","1"
"SSB-524288","SQLite","unix","evaluation"1","13.5718","s","q2.3","1"
"SSB-524288","SQLite","unix","evaluation"1","5.60381","s","q3.1","1"
"SSB-524288","SQLite","unix","evaluation"1","4.03234","s","q3.2","1"
"SSB-524288","SQLite","unix","evaluation"1","3.87499","s","q3.3","1"
"SSB-524288","SQLite","unix","evaluation"1","3.86892","s","q3.4","1"
"SSB-524288","SQLite","unix","evaluation"1","5.95298","s","q4.1","1"
"SSB-524288","SQLite","unix","evaluation"1","3.5576","s","q4.2","1"
"SSB-524288","SQLite","unix","evaluation"1","3.37996","s","q4.3","1"
"SSB-524288","SQLite","unix","evaluation"1","1.13529","s","q1.1","1"
"SSB-524288","SQLite","unix","evaluation"1","0.801734","s","q1.2","1"
"SSB-524288","SQLite","unix","evaluation"1","0.646108","s","q1.3","1"
"SSB-524288","SQLite","unix","evaluation"1","14.4258","s","q2.1","1"
"SSB-524288","SQLite","unix","evaluation"1","13.7553","s","q2.2","1"
"SSB-524288","SQLite","unix","evaluation"1","13.4682","s","q2.3","1"
"SSB-524288","SQLite","unix","evaluation"1","5.59096","s","q3.1","1"
"SSB-524288","SQLite","unix","evaluation"1","4.06255","s","q3.2","1"
"SSB-524288","SQLite","unix","evaluation"1","3.88042","s","q3.3","1"
"SSB-524288","SQLite","unix","evaluation"1","3.87722","s","q3.4","1"
"SSB-524288","SQLite","unix","evaluation"1","5.90552","s","q4.1","1"
"SSB-524288","SQLite","unix","evaluation"1","3.51748","s","q4.2","1"
"SSB-524288","SQLite","unix","evaluation"1","3.38416","s","q4.3","1"
"SSB-0","SQLite","unix","evaluation"1","1.14695","s","q1.1","1"
"SSB-0","SQLite","unix","evaluation"1","0.507212","s","q1.2","1"
"SSB-0","SQLite","unix","evaluation"1","0.473038","s","q1.3","1"
"SSB-0","SQLite","unix","evaluation"1","0.713842","s","q2.1","1"
"SSB-0","SQLite","unix","evaluation"1","0.507824","s","q2.2","1"
"SSB-0","SQLite","unix","evaluation"1","0.450533","s","q2.3","1"
"SSB-0","SQLite","unix","evaluation"1","1.653","s","q3.1","1"
"SSB-0","SQLite","unix","evaluation"1","0.467949","s","q3.2","1"
"SSB-0","SQLite","unix","evaluation"1","0.41243","s","q3.3","1"
"SSB-0","SQLite","unix","evaluation"1","0.411935","s","q3.4","1"
"SSB-0","SQLite","unix","evaluation"1","1.17986","s","q4.1","1"
"SSB-0","SQLite","unix","evaluation"1","0.876589","s","q4.2","1"
"SSB-0","SQLite","unix","evaluation"1","0.61385","s","q4.3","1"
"SSB-0","SQLite","unix","evaluation"1","1.14144","s","q1.1","1"
"SSB-0","SQLite","unix","evaluation"1","0.50452","s","q1.2","1"
"SSB-0","SQLite","unix","evaluation"1","0.468327","s","q1.3","1"
"SSB-0","SQLite","unix","evaluation"1","0.707475","s","q2.1","1"
"SSB-0","SQLite","unix","evaluation"1","0.507147","s","q2.2","1"
"SSB-0","SQLite","unix","evaluation"1","0.444624","s","q2.3","1"
"SSB-0","SQLite","unix","evaluation"1","1.63741","s","q3.1","1"
"SSB-0","SQLite","unix","evaluation"1","0.466977","s","q3.2","1"
"SSB-0","SQLite","unix","evaluation"1","0.411467","s","q3.3","1"
"SSB-0","SQLite","unix","evaluation"1","0.406638","s","q3.4","1"
"SSB-0","SQLite","unix","evaluation"1","1.16282","s","q4.1","1"
"SSB-0","SQLite","unix","evaluation"1","0.878161","s","q4.2","1"
"SSB-0","SQLite","unix","evaluation"1","0.613527","s","q4.3","1"
"SSB-0","SQLite","unix","evaluation"1","1.14522","s","q1.1","1"
"SSB-0","SQLite","unix","evaluation"1","0.505433","s","q1.2","1"
"SSB-0","SQLite","unix","evaluation"1","0.472627","s","q1.3","1"
"SSB-0","SQLite","unix","evaluation"1","0.709779","s","q2.1","1"
"SSB-0","SQLite","unix","evaluation"1","0.50836","s","q2.2","1"
"SSB-0","SQLite","unix","evaluation"1","0.449296","s","q2.3","1"
"SSB-0","SQLite","unix","evaluation"1","1.63602","s","q3.1","1"
"SSB-0","SQLite","unix","evaluation"1","0.46903","s","q3.2","1"
"SSB-0","SQLite","unix","evaluation"1","0.413167","s","q3.3","1"
"SSB-0","SQLite","unix","evaluation"1","0.408443","s","q3.4","1"
"SSB-0","SQLite","unix","evaluation"1","1.1774","s","q4.1","1"
"SSB-0","SQLite","unix","evaluation"1","0.877808","s","q4.2","1"
"SSB-0","SQLite","unix","evaluation"1","0.612584","s","q4.3","1"
"SSB-524288","SQLite","PMem","evaluation"2","1.18684","s","q1.1","1"
"SSB-524288","SQLite","PMem","evaluation"2","0.990651","s","q1.2","1"
"SSB-524288","SQLite","PMem","evaluation"2","0.881255","s","q1.3","1"
"SSB-524288","SQLite","PMem","evaluation"2","9.73088","s","q2.1","1"
"SSB-524288","SQLite","PMem","evaluation"2","9.61965","s","q2.2","1"
"SSB-524288","SQLite","PMem","evaluation"2","9.20651","s","q2.3","1"
"SSB-524288","SQLite","PMem","evaluation"2","4.6633","s","q3.1","1"
"SSB-524288","SQLite","PMem","evaluation"2","3.20357","s","q3.2","1"
"SSB-524288","SQLite","PMem","evaluation"2","3.2286","s","q3.3","1"
"SSB-524288","SQLite","PMem","evaluation"2","3.23806","s","q3.4","1"
"SSB-524288","SQLite","PMem","evaluation"2","4.9291","s","q4.1","1"
"SSB-524288","SQLite","PMem","evaluation"2","2.99106","s","q4.2","1"
"SSB-524288","SQLite","PMem","evaluation"2","2.86227","s","q4.3","1"
"SSB-524288","SQLite","PMem","evaluation"2","1.18235","s","q1.1","1"
"SSB-524288","SQLite","PMem","evaluation"2","0.986053","s","q1.2","1"
"SSB-524288","SQLite","PMem","evaluation"2","0.882135","s","q1.3","1"
"SSB-524288","SQLite","PMem","evaluation"2","9.72133","s","q2.1","1"
"SSB-524288","SQLite","PMem","evaluation"2","9.46615","s","q2.2","1"
"SSB-524288","SQLite","PMem","evaluation"2","9.14694","s","q2.3","1"
"SSB-524288","SQLite","PMem","evaluation"2","4.69946","s","q3.1","1"
"SSB-524288","SQLite","PMem","evaluation"2","3.31336","s","q3.2","1"
"SSB-524288","SQLite","PMem","evaluation"2","3.34404","s","q3.3","1"
"SSB-524288","SQLite","PMem","evaluation"2","3.33754","s","q3.4","1"
"SSB-524288","SQLite","PMem","evaluation"2","4.91927","s","q4.1","1"
"SSB-524288","SQLite","PMem","evaluation"2","3.00037","s","q4.2","1"
"SSB-524288","SQLite","PMem","evaluation"2","2.84589","s","q4.3","1"
"SSB-524288","SQLite","PMem","evaluation"2","1.17978","s","q1.1","1"
"SSB-524288","SQLite","PMem","evaluation"2","0.985957","s","q1.2","1"
"SSB-524288","SQLite","PMem","evaluation"2","0.876899","s","q1.3","1"
"SSB-524288","SQLite","PMem","evaluation"2","9.50151","s","q2.1","1"
"SSB-524288","SQLite","PMem","evaluation"2","9.28797","s","q2.2","1"
"SSB-524288","SQLite","PMem","evaluation"2","8.96798","s","q2.3","1"
"SSB-524288","SQLite","PMem","evaluation"2","4.63252","s","q3.1","1"
"SSB-524288","SQLite","PMem","evaluation"2","3.31239","s","q3.2","1"
"SSB-524288","SQLite","PMem","evaluation"2","3.33197","s","q3.3","1"
"SSB-524288","SQLite","PMem","evaluation"2","3.33787","s","q3.4","1"
"SSB-524288","SQLite","PMem","evaluation"2","4.98027","s","q4.1","1"
"SSB-524288","SQLite","PMem","evaluation"2","3.02174","s","q4.2","1"
"SSB-524288","SQLite","PMem","evaluation"2","2.82998","s","q4.3","1"
"SSB-0","SQLite","PMem","evaluation"2","1.22232","s","q1.1","1"
"SSB-0","SQLite","PMem","evaluation"2","0.798062","s","q1.2","1"
"SSB-0","SQLite","PMem","evaluation"2","0.765196","s","q1.3","1"
"SSB-0","SQLite","PMem","evaluation"2","0.961137","s","q2.1","1"
"SSB-0","SQLite","PMem","evaluation"2","0.753953","s","q2.2","1"
"SSB-0","SQLite","PMem","evaluation"2","0.703991","s","q2.3","1"
"SSB-0","SQLite","PMem","evaluation"2","1.86258","s","q3.1","1"
"SSB-0","SQLite","PMem","evaluation"2","0.744837","s","q3.2","1"
"SSB-0","SQLite","PMem","evaluation"2","0.684655","s","q3.3","1"
"SSB-0","SQLite","PMem","evaluation"2","0.686253","s","q3.4","1"
"SSB-0","SQLite","PMem","evaluation"2","1.4644","s","q4.1","1"
"SSB-0","SQLite","PMem","evaluation"2","1.32675","s","q4.2","1"
"SSB-0","SQLite","PMem","evaluation"2","1.06715","s","q4.3","1"
"SSB-0","SQLite","PMem","evaluation"2","1.2213","s","q1.1","1"
"SSB-0","SQLite","PMem","evaluation"2","0.796632","s","q1.2","1"
"SSB-0","SQLite","PMem","evaluation"2","0.76415","s","q1.3","1"
"SSB-0","SQLite","PMem","evaluation"2","0.966499","s","q2.1","1"
"SSB-0","SQLite","PMem","evaluation"2","0.754967","s","q2.2","1"
"SSB-0","SQLite","PMem","evaluation"2","0.704445","s","q2.3","1"
"SSB-0","SQLite","PMem","evaluation"2","1.86246","s","q3.1","1"
"SSB-0","SQLite","PMem","evaluation"2","0.746427","s","q3.2","1"
"SSB-0","SQLite","PMem","evaluation"2","0.685196","s","q3.3","1"
"SSB-0","SQLite","PMem","evaluation"2","0.68547","s","q3.4","1"
"SSB-0","SQLite","PMem","evaluation"2","1.45771","s","q4.1","1"
"SSB-0","SQLite","PMem","evaluation"2","1.32618","s","q4.2","1"
"SSB-0","SQLite","PMem","evaluation"2","1.06817","s","q4.3","1"
"SSB-0","SQLite","PMem","evaluation"2","1.21086","s","q1.1","1"
"SSB-0","SQLite","PMem","evaluation"2","0.797596","s","q1.2","1"
"SSB-0","SQLite","PMem","evaluation"2","0.766493","s","q1.3","1"
"SSB-0","SQLite","PMem","evaluation"2","0.983886","s","q2.1","1"
"SSB-0","SQLite","PMem","evaluation"2","0.770194","s","q2.2","1"
"SSB-0","SQLite","PMem","evaluation"2","0.72285","s","q2.3","1"
"SSB-0","SQLite","PMem","evaluation"2","1.8623","s","q3.1","1"
"SSB-0","SQLite","PMem","evaluation"2","0.744159","s","q3.2","1"
"SSB-0","SQLite","PMem","evaluation"2","0.68694","s","q3.3","1"
"SSB-0","SQLite","PMem","evaluation"2","0.681972","s","q3.4","1"
"SSB-0","SQLite","PMem","evaluation"2","1.46531","s","q4.1","1"
"SSB-0","SQLite","PMem","evaluation"2","1.33031","s","q4.2","1"
"SSB-0","SQLite","PMem","evaluation"2","1.06866","s","q4.3","1"
"SSB-524288","SQLite","unix","evaluation"2","2.28745","s","q1.1","1"
"SSB-524288","SQLite","unix","evaluation"2","1.59941","s","q1.2","1"
"SSB-524288","SQLite","unix","evaluation"2","1.28791","s","q1.3","1"
"SSB-524288","SQLite","unix","evaluation"2","28.5368","s","q2.1","1"
"SSB-524288","SQLite","unix","evaluation"2","27.6085","s","q2.2","1"
"SSB-524288","SQLite","unix","evaluation"2","27.095","s","q2.3","1"
"SSB-524288","SQLite","unix","evaluation"2","11.3159","s","q3.1","1"
"SSB-524288","SQLite","unix","evaluation"2","8.13556","s","q3.2","1"
"SSB-524288","SQLite","unix","evaluation"2","7.89077","s","q3.3","1"
"SSB-524288","SQLite","unix","evaluation"2","7.85903","s","q3.4","1"
"SSB-524288","SQLite","unix","evaluation"2","12.1559","s","q4.1","1"
"SSB-524288","SQLite","unix","evaluation"2","7.16878","s","q4.2","1"
"SSB-524288","SQLite","unix","evaluation"2","6.89489","s","q4.3","1"
"SSB-524288","SQLite","unix","evaluation"2","2.2772","s","q1.1","1"
"SSB-524288","SQLite","unix","evaluation"2","1.61709","s","q1.2","1"
"SSB-524288","SQLite","unix","evaluation"2","1.29281","s","q1.3","1"
"SSB-524288","SQLite","unix","evaluation"2","28.5505","s","q2.1","1"
"SSB-524288","SQLite","unix","evaluation"2","27.7116","s","q2.2","1"
"SSB-524288","SQLite","unix","evaluation"2","26.9314","s","q2.3","1"
"SSB-524288","SQLite","unix","evaluation"2","11.4062","s","q3.1","1"
"SSB-524288","SQLite","unix","evaluation"2","8.30331","s","q3.2","1"
"SSB-524288","SQLite","unix","evaluation"2","8.00573","s","q3.3","1"
"SSB-524288","SQLite","unix","evaluation"2","7.97238","s","q3.4","1"
"SSB-524288","SQLite","unix","evaluation"2","12.3532","s","q4.1","1"
"SSB-524288","SQLite","unix","evaluation"2","7.18302","s","q4.2","1"
"SSB-524288","SQLite","unix","evaluation"2","6.86627","s","q4.3","1"
"SSB-524288","SQLite","unix","evaluation"2","2.2506","s","q1.1","1"
"SSB-524288","SQLite","unix","evaluation"2","1.59213","s","q1.2","1"
"SSB-524288","SQLite","unix","evaluation"2","1.28454","s","q1.3","1"
"SSB-524288","SQLite","unix","evaluation"2","28.3207","s","q2.1","1"
"SSB-524288","SQLite","unix","evaluation"2","27.6381","s","q2.2","1"
"SSB-524288","SQLite","unix","evaluation"2","26.9838","s","q2.3","1"
"SSB-524288","SQLite","unix","evaluation"2","11.3743","s","q3.1","1"
"SSB-524288","SQLite","unix","evaluation"2","8.24884","s","q3.2","1"
"SSB-524288","SQLite","unix","evaluation"2","7.92135","s","q3.3","1"
"SSB-524288","SQLite","unix","evaluation"2","7.94253","s","q3.4","1"
"SSB-524288","SQLite","unix","evaluation"2","12.3064","s","q4.1","1"
"SSB-524288","SQLite","unix","evaluation"2","7.11575","s","q4.2","1"
"SSB-524288","SQLite","unix","evaluation"2","6.81629","s","q4.3","1"
"SSB-0","SQLite","unix","evaluation"2","2.32005","s","q1.1","1"
"SSB-0","SQLite","unix","evaluation"2","1.01296","s","q1.2","1"
"SSB-0","SQLite","unix","evaluation"2","0.944295","s","q1.3","1"
"SSB-0","SQLite","unix","evaluation"2","1.49289","s","q2.1","1"
"SSB-0","SQLite","unix","evaluation"2","1.01366","s","q2.2","1"
"SSB-0","SQLite","unix","evaluation"2","0.90565","s","q2.3","1"
"SSB-0","SQLite","unix","evaluation"2","3.24188","s","q3.1","1"
"SSB-0","SQLite","unix","evaluation"2","1.00474","s","q3.2","1"
"SSB-0","SQLite","unix","evaluation"2","0.87968","s","q3.3","1"
"SSB-0","SQLite","unix","evaluation"2","0.860809","s","q3.4","1"
"SSB-0","SQLite","unix","evaluation"2","2.54327","s","q4.1","1"
"SSB-0","SQLite","unix","evaluation"2","1.86161","s","q4.2","1"
"SSB-0","SQLite","unix","evaluation"2","1.26898","s","q4.3","1"
"SSB-0","SQLite","unix","evaluation"2","2.30191","s","q1.1","1"
"SSB-0","SQLite","unix","evaluation"2","1.01248","s","q1.2","1"
"SSB-0","SQLite","unix","evaluation"2","0.993937","s","q1.3","1"
"SSB-0","SQLite","unix","evaluation"2","1.48136","s","q2.1","1"
"SSB-0","SQLite","unix","evaluation"2","1.02252","s","q2.2","1"
"SSB-0","SQLite","unix","evaluation"2","0.894313","s","q2.3","1"
"SSB-0","SQLite","unix","evaluation"2","3.25491","s","q3.1","1"
"SSB-0","SQLite","unix","evaluation"2","0.977694","s","q3.2","1"
"SSB-0","SQLite","unix","evaluation"2","0.861502","s","q3.3","1"
"SSB-0","SQLite","unix","evaluation"2","0.856457","s","q3.4","1"
"SSB-0","SQLite","unix","evaluation"2","2.52006","s","q4.1","1"
"SSB-0","SQLite","unix","evaluation"2","1.87321","s","q4.2","1"
"SSB-0","SQLite","unix","evaluation"2","1.2638","s","q4.3","1"
"SSB-0","SQLite","unix","evaluation"2","2.31603","s","q1.1","1"
"SSB-0","SQLite","unix","evaluation"2","1.02461","s","q1.2","1"
"SSB-0","SQLite","unix","evaluation"2","0.955689","s","q1.3","1"
"SSB-0","SQLite","unix","evaluation"2","1.48038","s","q2.1","1"
"SSB-0","SQLite","unix","evaluation"2","1.00802","s","q2.2","1"
"SSB-0","SQLite","unix","evaluation"2","0.899048","s","q2.3","1"
"SSB-0","SQLite","unix","evaluation"2","3.22027","s","q3.1","1"
"SSB-0","SQLite","unix","evaluation"2","0.983869","s","q3.2","1"
"SSB-0","SQLite","unix","evaluation"2","0.865001","s","q3.3","1"
"SSB-0","SQLite","unix","evaluation"2","0.857278","s","q3.4","1"
"SSB-0","SQLite","unix","evaluation"2","2.53083","s","q4.1","1"
"SSB-0","SQLite","unix","evaluation"2","1.87976","s","q4.2","1"
"SSB-0","SQLite","unix","evaluation"2","1.27676","s","q4.3","1"
"SSB-524288","SQLite","PMem","evaluation"5","2.98362","s","q1.1","1"
"SSB-524288","SQLite","PMem","evaluation"5","2.48089","s","q1.2","1"
"SSB-524288","SQLite","PMem","evaluation"5","2.21097","s","q1.3","1"
"SSB-524288","SQLite","PMem","evaluation"5","20.8053","s","q2.1","1"
"SSB-524288","SQLite","PMem","evaluation"5","21.4222","s","q2.2","1"
"SSB-524288","SQLite","PMem","evaluation"5","21.1327","s","q2.3","1"
"SSB-524288","SQLite","PMem","evaluation"5","12.1885","s","q3.1","1"
"SSB-524288","SQLite","PMem","evaluation"5","8.13308","s","q3.2","1"
"SSB-524288","SQLite","PMem","evaluation"5","8.16679","s","q3.3","1"
"SSB-524288","SQLite","PMem","evaluation"5","8.19637","s","q3.4","1"
"SSB-524288","SQLite","PMem","evaluation"5","12.6783","s","q4.1","1"
"SSB-524288","SQLite","PMem","evaluation"5","9.19798","s","q4.2","1"
"SSB-524288","SQLite","PMem","evaluation"5","8.06125","s","q4.3","1"
"SSB-524288","SQLite","PMem","evaluation"5","2.94554","s","q1.1","1"
"SSB-524288","SQLite","PMem","evaluation"5","2.45692","s","q1.2","1"
"SSB-524288","SQLite","PMem","evaluation"5","2.20134","s","q1.3","1"
"SSB-524288","SQLite","PMem","evaluation"5","21.6958","s","q2.1","1"
"SSB-524288","SQLite","PMem","evaluation"5","20.8918","s","q2.2","1"
"SSB-524288","SQLite","PMem","evaluation"5","20.4576","s","q2.3","1"
"SSB-524288","SQLite","PMem","evaluation"5","12.175","s","q3.1","1"
"SSB-524288","SQLite","PMem","evaluation"5","8.09976","s","q3.2","1"
"SSB-524288","SQLite","PMem","evaluation"5","8.15794","s","q3.3","1"
"SSB-524288","SQLite","PMem","evaluation"5","8.21547","s","q3.4","1"
"SSB-524288","SQLite","PMem","evaluation"5","12.6375","s","q4.1","1"
"SSB-524288","SQLite","PMem","evaluation"5","9.28578","s","q4.2","1"
"SSB-524288","SQLite","PMem","evaluation"5","8.10087","s","q4.3","1"
"SSB-524288","SQLite","PMem","evaluation"5","2.94527","s","q1.1","1"
"SSB-524288","SQLite","PMem","evaluation"5","2.46779","s","q1.2","1"
"SSB-524288","SQLite","PMem","evaluation"5","2.24262","s","q1.3","1"
"SSB-524288","SQLite","PMem","evaluation"5","21.7308","s","q2.1","1"
"SSB-524288","SQLite","PMem","evaluation"5","20.7891","s","q2.2","1"
"SSB-524288","SQLite","PMem","evaluation"5","20.4996","s","q2.3","1"
"SSB-524288","SQLite","PMem","evaluation"5","12.2373","s","q3.1","1"
"SSB-524288","SQLite","PMem","evaluation"5","8.15564","s","q3.2","1"
"SSB-524288","SQLite","PMem","evaluation"5","8.27316","s","q3.3","1"
"SSB-524288","SQLite","PMem","evaluation"5","8.26307","s","q3.4","1"
"SSB-524288","SQLite","PMem","evaluation"5","12.5244","s","q4.1","1"
"SSB-524288","SQLite","PMem","evaluation"5","9.16367","s","q4.2","1"
"SSB-524288","SQLite","PMem","evaluation"5","8.03101","s","q4.3","1"
"SSB-0","SQLite","PMem","evaluation"5","3.03195","s","q1.1","1"
"SSB-0","SQLite","PMem","evaluation"5","1.99105","s","q1.2","1"
"SSB-0","SQLite","PMem","evaluation"5","1.90944","s","q1.3","1"
"SSB-0","SQLite","PMem","evaluation"5","2.59728","s","q2.1","1"
"SSB-0","SQLite","PMem","evaluation"5","2.06396","s","q2.2","1"
"SSB-0","SQLite","PMem","evaluation"5","1.93487","s","q2.3","1"
"SSB-0","SQLite","PMem","evaluation"5","4.70471","s","q3.1","1"
"SSB-0","SQLite","PMem","evaluation"5","1.82921","s","q3.2","1"
"SSB-0","SQLite","PMem","evaluation"5","1.68317","s","q3.3","1"
"SSB-0","SQLite","PMem","evaluation"5","1.67905","s","q3.4","1"
"SSB-0","SQLite","PMem","evaluation"5","3.72857","s","q4.1","1"
"SSB-0","SQLite","PMem","evaluation"5","3.21584","s","q4.2","1"
"SSB-0","SQLite","PMem","evaluation"5","2.40476","s","q4.3","1"
"SSB-0","SQLite","PMem","evaluation"5","3.10243","s","q1.1","1"
"SSB-0","SQLite","PMem","evaluation"5","2.07063","s","q1.2","1"
"SSB-0","SQLite","PMem","evaluation"5","1.92257","s","q1.3","1"
"SSB-0","SQLite","PMem","evaluation"5","2.66596","s","q2.1","1"
"SSB-0","SQLite","PMem","evaluation"5","2.07418","s","q2.2","1"
"SSB-0","SQLite","PMem","evaluation"5","1.94678","s","q2.3","1"
"SSB-0","SQLite","PMem","evaluation"5","4.77454","s","q3.1","1"
"SSB-0","SQLite","PMem","evaluation"5","1.84184","s","q3.2","1"
"SSB-0","SQLite","PMem","evaluation"5","1.69822","s","q3.3","1"
"SSB-0","SQLite","PMem","evaluation"5","1.67919","s","q3.4","1"
"SSB-0","SQLite","PMem","evaluation"5","3.72748","s","q4.1","1"
"SSB-0","SQLite","PMem","evaluation"5","3.23344","s","q4.2","1"
"SSB-0","SQLite","PMem","evaluation"5","2.38649","s","q4.3","1"
"SSB-0","SQLite","PMem","evaluation"5","3.04711","s","q1.1","1"
"SSB-0","SQLite","PMem","evaluation"5","2.00508","s","q1.2","1"
"SSB-0","SQLite","PMem","evaluation"5","1.92509","s","q1.3","1"
"SSB-0","SQLite","PMem","evaluation"5","2.61447","s","q2.1","1"
"SSB-0","SQLite","PMem","evaluation"5","2.08873","s","q2.2","1"
"SSB-0","SQLite","PMem","evaluation"5","1.94135","s","q2.3","1"
"SSB-0","SQLite","PMem","evaluation"5","4.70935","s","q3.1","1"
"SSB-0","SQLite","PMem","evaluation"5","1.83968","s","q3.2","1"
"SSB-0","SQLite","PMem","evaluation"5","1.68817","s","q3.3","1"
"SSB-0","SQLite","PMem","evaluation"5","1.67887","s","q3.4","1"
"SSB-0","SQLite","PMem","evaluation"5","3.7824","s","q4.1","1"
"SSB-0","SQLite","PMem","evaluation"5","3.23336","s","q4.2","1"
"SSB-0","SQLite","PMem","evaluation"5","2.40278","s","q4.3","1"
"SSB-524288","SQLite","unix","evaluation"5","5.76915","s","q1.1","1"
"SSB-524288","SQLite","unix","evaluation"5","4.02681","s","q1.2","1"
"SSB-524288","SQLite","unix","evaluation"5","3.22917","s","q1.3","1"
"SSB-524288","SQLite","unix","evaluation"5","56.7203","s","q2.1","1"
"SSB-524288","SQLite","unix","evaluation"5","56.347","s","q2.2","1"
"SSB-524288","SQLite","unix","evaluation"5","55.8021","s","q2.3","1"
"SSB-524288","SQLite","unix","evaluation"5","29.4272","s","q3.1","1"
"SSB-524288","SQLite","unix","evaluation"5","21.1564","s","q3.2","1"
"SSB-524288","SQLite","unix","evaluation"5","20.4662","s","q3.3","1"
"SSB-524288","SQLite","unix","evaluation"5","20.522","s","q3.4","1"
"SSB-524288","SQLite","unix","evaluation"5","31.6809","s","q4.1","1"
"SSB-524288","SQLite","unix","evaluation"5","22.8212","s","q4.2","1"
"SSB-524288","SQLite","unix","evaluation"5","20.2601","s","q4.3","1"
"SSB-524288","SQLite","unix","evaluation"5","5.72961","s","q1.1","1"
"SSB-524288","SQLite","unix","evaluation"5","4.04489","s","q1.2","1"
"SSB-524288","SQLite","unix","evaluation"5","3.27375","s","q1.3","1"
"SSB-524288","SQLite","unix","evaluation"5","57.113","s","q2.1","1"
"SSB-524288","SQLite","unix","evaluation"5","56.6725","s","q2.2","1"
"SSB-524288","SQLite","unix","evaluation"5","56.2564","s","q2.3","1"
"SSB-524288","SQLite","unix","evaluation"5","29.4603","s","q3.1","1"
"SSB-524288","SQLite","unix","evaluation"5","20.7787","s","q3.2","1"
"SSB-524288","SQLite","unix","evaluation"5","20.0941","s","q3.3","1"
"SSB-524288","SQLite","unix","evaluation"5","20.1244","s","q3.4","1"
"SSB-524288","SQLite","unix","evaluation"5","31.6132","s","q4.1","1"
"SSB-524288","SQLite","unix","evaluation"5","22.799","s","q4.2","1"
"SSB-524288","SQLite","unix","evaluation"5","20.0081","s","q4.3","1"
"SSB-524288","SQLite","unix","evaluation"5","5.69758","s","q1.1","1"
"SSB-524288","SQLite","unix","evaluation"5","4.02088","s","q1.2","1"
"SSB-524288","SQLite","unix","evaluation"5","3.24423","s","q1.3","1"
"SSB-524288","SQLite","unix","evaluation"5","57.9738","s","q2.1","1"
"SSB-524288","SQLite","unix","evaluation"5","56.8599","s","q2.2","1"
"SSB-524288","SQLite","unix","evaluation"5","55.9932","s","q2.3","1"
"SSB-524288","SQLite","unix","evaluation"5","29.3075","s","q3.1","1"
"SSB-524288","SQLite","unix","evaluation"5","20.788","s","q3.2","1"
"SSB-524288","SQLite","unix","evaluation"5","19.9583","s","q3.3","1"
"SSB-524288","SQLite","unix","evaluation"5","20.0381","s","q3.4","1"
"SSB-524288","SQLite","unix","evaluation"5","31.6514","s","q4.1","1"
"SSB-524288","SQLite","unix","evaluation"5","23.0106","s","q4.2","1"
"SSB-524288","SQLite","unix","evaluation"5","20.1351","s","q4.3","1"
"SSB-0","SQLite","unix","evaluation"5","5.71325","s","q1.1","1"
"SSB-0","SQLite","unix","evaluation"5","2.50964","s","q1.2","1"
"SSB-0","SQLite","unix","evaluation"5","2.33188","s","q1.3","1"
"SSB-0","SQLite","unix","evaluation"5","3.86643","s","q2.1","1"
"SSB-0","SQLite","unix","evaluation"5","2.63645","s","q2.2","1"
"SSB-0","SQLite","unix","evaluation"5","2.39252","s","q2.3","1"
"SSB-0","SQLite","unix","evaluation"5","7.98578","s","q3.1","1"
"SSB-0","SQLite","unix","evaluation"5","2.41001","s","q3.2","1"
"SSB-0","SQLite","unix","evaluation"5","2.1049","s","q3.3","1"
"SSB-0","SQLite","unix","evaluation"5","2.14011","s","q3.4","1"
"SSB-0","SQLite","unix","evaluation"5","6.36106","s","q4.1","1"
"SSB-0","SQLite","unix","evaluation"5","4.48982","s","q4.2","1"
"SSB-0","SQLite","unix","evaluation"5","2.86631","s","q4.3","1"
"SSB-0","SQLite","unix","evaluation"5","5.7156","s","q1.1","1"
"SSB-0","SQLite","unix","evaluation"5","2.50659","s","q1.2","1"
"SSB-0","SQLite","unix","evaluation"5","2.33736","s","q1.3","1"
"SSB-0","SQLite","unix","evaluation"5","3.89568","s","q2.1","1"
"SSB-0","SQLite","unix","evaluation"5","2.66383","s","q2.2","1"
"SSB-0","SQLite","unix","evaluation"5","2.39488","s","q2.3","1"
"SSB-0","SQLite","unix","evaluation"5","8.02622","s","q3.1","1"
"SSB-0","SQLite","unix","evaluation"5","2.42031","s","q3.2","1"
"SSB-0","SQLite","unix","evaluation"5","2.11803","s","q3.3","1"
"SSB-0","SQLite","unix","evaluation"5","2.09051","s","q3.4","1"
"SSB-0","SQLite","unix","evaluation"5","6.40645","s","q4.1","1"
"SSB-0","SQLite","unix","evaluation"5","4.51705","s","q4.2","1"
"SSB-0","SQLite","unix","evaluation"5","2.87457","s","q4.3","1"
"SSB-0","SQLite","unix","evaluation"5","5.7288","s","q1.1","1"
"SSB-0","SQLite","unix","evaluation"5","2.50894","s","q1.2","1"
"SSB-0","SQLite","unix","evaluation"5","2.33293","s","q1.3","1"
"SSB-0","SQLite","unix","evaluation"5","3.88732","s","q2.1","1"
"SSB-0","SQLite","unix","evaluation"5","2.65238","s","q2.2","1"
"SSB-0","SQLite","unix","evaluation"5","2.39186","s","q2.3","1"
"SSB-0","SQLite","unix","evaluation"5","8.02085","s","q3.1","1"
"SSB-0","SQLite","unix","evaluation"5","2.41245","s","q3.2","1"
"SSB-0","SQLite","unix","evaluation"5","2.11266","s","q3.3","1"
"SSB-0","SQLite","unix","evaluation"5","2.09057","s","q3.4","1"
"SSB-0","SQLite","unix","evaluation"5","6.40596","s","q4.1","1"
"SSB-0","SQLite","unix","evaluation"5","4.63262","s","q4.2","1"
"SSB-0","SQLite","unix","evaluation"5","3.00038","s","q4.3","1"
"SSB","DuckDB","none","evaluation"1","0.0823056","s","q1.1","1"
"SSB","DuckDB","none","evaluation"1","0.0882557","s","q1.2","1"
"SSB","DuckDB","none","evaluation"1","0.0811264","s","q1.3","1"
"SSB","DuckDB","none","evaluation"1","0.0793513","s","q2.1","1"
"SSB","DuckDB","none","evaluation"1","0.0678615","s","q2.2","1"
"SSB","DuckDB","none","evaluation"1","0.0594732","s","q2.3","1"
"SSB","DuckDB","none","evaluation"1","0.103829","s","q3.1","1"
"SSB","DuckDB","none","evaluation"1","0.0580803","s","q3.2","1"
"SSB","DuckDB","none","evaluation"1","0.0523047","s","q3.3","1"
"SSB","DuckDB","none","evaluation"1","0.0518339","s","q3.4","1"
"SSB","DuckDB","none","evaluation"1","0.155852","s","q4.1","1"
"SSB","DuckDB","none","evaluation"1","0.156891","s","q4.2","1"
"SSB","DuckDB","none","evaluation"1","0.0835006","s","q4.3","1"
"SSB","DuckDB","none","evaluation"1","0.0831937","s","q1.1","1"
"SSB","DuckDB","none","evaluation"1","0.0887265","s","q1.2","1"
"SSB","DuckDB","none","evaluation"1","0.0815869","s","q1.3","1"
"SSB","DuckDB","none","evaluation"1","0.0779682","s","q2.1","1"
"SSB","DuckDB","none","evaluation"1","0.0681798","s","q2.2","1"
"SSB","DuckDB","none","evaluation"1","0.0603747","s","q2.3","1"
"SSB","DuckDB","none","evaluation"1","0.103648","s","q3.1","1"
"SSB","DuckDB","none","evaluation"1","0.0584067","s","q3.2","1"
"SSB","DuckDB","none","evaluation"1","0.0524218","s","q3.3","1"
"SSB","DuckDB","none","evaluation"1","0.0512761","s","q3.4","1"
"SSB","DuckDB","none","evaluation"1","0.15537","s","q4.1","1"
"SSB","DuckDB","none","evaluation"1","0.1579","s","q4.2","1"
"SSB","DuckDB","none","evaluation"1","0.0836523","s","q4.3","1"
"SSB","DuckDB","none","evaluation"1","0.0834867","s","q1.1","1"
"SSB","DuckDB","none","evaluation"1","0.0896637","s","q1.2","1"
"SSB","DuckDB","none","evaluation"1","0.0831196","s","q1.3","1"
"SSB","DuckDB","none","evaluation"1","0.0793808","s","q2.1","1"
"SSB","DuckDB","none","evaluation"1","0.0679741","s","q2.2","1"
"SSB","DuckDB","none","evaluation"1","0.060409","s","q2.3","1"
"SSB","DuckDB","none","evaluation"1","0.104409","s","q3.1","1"
"SSB","DuckDB","none","evaluation"1","0.0584935","s","q3.2","1"
"SSB","DuckDB","none","evaluation"1","0.0512015","s","q3.3","1"
"SSB","DuckDB","none","evaluation"1","0.0512629","s","q3.4","1"
"SSB","DuckDB","none","evaluation"1","0.15691","s","q4.1","1"
"SSB","DuckDB","none","evaluation"1","0.157952","s","q4.2","1"
"SSB","DuckDB","none","evaluation"1","0.0844547","s","q4.3","1"
"SSB","DuckDB","none","evaluation"1","0.0491332","s","q1.1","2"
"SSB","DuckDB","none","evaluation"1","0.0469305","s","q1.2","2"
"SSB","DuckDB","none","evaluation"1","0.0421811","s","q1.3","2"
"SSB","DuckDB","none","evaluation"1","0.0425649","s","q2.1","2"
"SSB","DuckDB","none","evaluation"1","0.0369976","s","q2.2","2"
"SSB","DuckDB","none","evaluation"1","0.0323588","s","q2.3","2"
"SSB","DuckDB","none","evaluation"1","0.0548719","s","q3.1","2"
"SSB","DuckDB","none","evaluation"1","0.0312025","s","q3.2","2"
"SSB","DuckDB","none","evaluation"1","0.0276382","s","q3.3","2"
"SSB","DuckDB","none","evaluation"1","0.0275146","s","q3.4","2"
"SSB","DuckDB","none","evaluation"1","0.0842774","s","q4.1","2"
"SSB","DuckDB","none","evaluation"1","0.0868958","s","q4.2","2"
"SSB","DuckDB","none","evaluation"1","0.0441503","s","q4.3","2"
"SSB","DuckDB","none","evaluation"1","0.0501282","s","q1.1","2"
"SSB","DuckDB","none","evaluation"1","0.0478162","s","q1.2","2"
"SSB","DuckDB","none","evaluation"1","0.04327","s","q1.3","2"
"SSB","DuckDB","none","evaluation"1","0.0435628","s","q2.1","2"
"SSB","DuckDB","none","evaluation"1","0.0373798","s","q2.2","2"
"SSB","DuckDB","none","evaluation"1","0.032191","s","q2.3","2"
"SSB","DuckDB","none","evaluation"1","0.0559858","s","q3.1","2"
"SSB","DuckDB","none","evaluation"1","0.0318004","s","q3.2","2"
"SSB","DuckDB","none","evaluation"1","0.028139","s","q3.3","2"
"SSB","DuckDB","none","evaluation"1","0.0278181","s","q3.4","2"
"SSB","DuckDB","none","evaluation"1","0.0852277","s","q4.1","2"
"SSB","DuckDB","none","evaluation"1","0.0878685","s","q4.2","2"
"SSB","DuckDB","none","evaluation"1","0.0445576","s","q4.3","2"
"SSB","DuckDB","none","evaluation"1","0.0620554","s","q1.1","2"
"SSB","DuckDB","none","evaluation"1","0.0653662","s","q1.2","2"
"SSB","DuckDB","none","evaluation"1","0.0525076","s","q1.3","2"
"SSB","DuckDB","none","evaluation"1","0.0431725","s","q2.1","2"
"SSB","DuckDB","none","evaluation"1","0.03738","s","q2.2","2"
"SSB","DuckDB","none","evaluation"1","0.0320933","s","q2.3","2"
"SSB","DuckDB","none","evaluation"1","0.0557194","s","q3.1","2"
"SSB","DuckDB","none","evaluation"1","0.031713","s","q3.2","2"
"SSB","DuckDB","none","evaluation"1","0.0281361","s","q3.3","2"
"SSB","DuckDB","none","evaluation"1","0.027658","s","q3.4","2"
"SSB","DuckDB","none","evaluation"1","0.0846588","s","q4.1","2"
"SSB","DuckDB","none","evaluation"1","0.0869779","s","q4.2","2"
"SSB","DuckDB","none","evaluation"1","0.0437544","s","q4.3","2"
"SSB","DuckDB","none","evaluation"1","0.0305168","s","q1.1","4"
"SSB","DuckDB","none","evaluation"1","0.0249752","s","q1.2","4"
"SSB","DuckDB","none","evaluation"1","0.0226336","s","q1.3","4"
"SSB","DuckDB","none","evaluation"1","0.0253013","s","q2.1","4"
"SSB","DuckDB","none","evaluation"1","0.0224503","s","q2.2","4"
"SSB","DuckDB","none","evaluation"1","0.0182949","s","q2.3","4"
"SSB","DuckDB","none","evaluation"1","0.030041","s","q3.1","4"
"SSB","DuckDB","none","evaluation"1","0.0176369","s","q3.2","4"
"SSB","DuckDB","none","evaluation"1","0.0155539","s","q3.3","4"
"SSB","DuckDB","none","evaluation"1","0.015112","s","q3.4","4"
"SSB","DuckDB","none","evaluation"1","0.0531513","s","q4.1","4"
"SSB","DuckDB","none","evaluation"1","0.0555826","s","q4.2","4"
"SSB","DuckDB","none","evaluation"1","0.0254708","s","q4.3","4"
"SSB","DuckDB","none","evaluation"1","0.0315483","s","q1.1","4"
"SSB","DuckDB","none","evaluation"1","0.0250841","s","q1.2","4"
"SSB","DuckDB","none","evaluation"1","0.0225377","s","q1.3","4"
"SSB","DuckDB","none","evaluation"1","0.025285","s","q2.1","4"
"SSB","DuckDB","none","evaluation"1","0.0223374","s","q2.2","4"
"SSB","DuckDB","none","evaluation"1","0.0182888","s","q2.3","4"
"SSB","DuckDB","none","evaluation"1","0.0301906","s","q3.1","4"
"SSB","DuckDB","none","evaluation"1","0.017447","s","q3.2","4"
"SSB","DuckDB","none","evaluation"1","0.0155107","s","q3.3","4"
"SSB","DuckDB","none","evaluation"1","0.015172","s","q3.4","4"
"SSB","DuckDB","none","evaluation"1","0.0527406","s","q4.1","4"
"SSB","DuckDB","none","evaluation"1","0.0565845","s","q4.2","4"
"SSB","DuckDB","none","evaluation"1","0.0261722","s","q4.3","4"
"SSB","DuckDB","none","evaluation"1","0.0303061","s","q1.1","4"
"SSB","DuckDB","none","evaluation"1","0.0249662","s","q1.2","4"
"SSB","DuckDB","none","evaluation"1","0.0229438","s","q1.3","4"
"SSB","DuckDB","none","evaluation"1","0.0253211","s","q2.1","4"
"SSB","DuckDB","none","evaluation"1","0.0227175","s","q2.2","4"
"SSB","DuckDB","none","evaluation"1","0.0183081","s","q2.3","4"
"SSB","DuckDB","none","evaluation"1","0.0302426","s","q3.1","4"
"SSB","DuckDB","none","evaluation"1","0.0175211","s","q3.2","4"
"SSB","DuckDB","none","evaluation"1","0.015517","s","q3.3","4"
"SSB","DuckDB","none","evaluation"1","0.0154408","s","q3.4","4"
"SSB","DuckDB","none","evaluation"1","0.0535044","s","q4.1","4"
"SSB","DuckDB","none","evaluation"1","0.0561015","s","q4.2","4"
"SSB","DuckDB","none","evaluation"1","0.0263567","s","q4.3","4"
"SSB","DuckDB","none","evaluation"2","0.166044","s","q1.1","1"
"SSB","DuckDB","none","evaluation"2","0.178454","s","q1.2","1"
"SSB","DuckDB","none","evaluation"2","0.163861","s","q1.3","1"
"SSB","DuckDB","none","evaluation"2","0.157552","s","q2.1","1"
"SSB","DuckDB","none","evaluation"2","0.133862","s","q2.2","1"
"SSB","DuckDB","none","evaluation"2","0.117296","s","q2.3","1"
"SSB","DuckDB","none","evaluation"2","0.203034","s","q3.1","1"
"SSB","DuckDB","none","evaluation"2","0.11694","s","q3.2","1"
"SSB","DuckDB","none","evaluation"2","0.102702","s","q3.3","1"
"SSB","DuckDB","none","evaluation"2","0.101559","s","q3.4","1"
"SSB","DuckDB","none","evaluation"2","0.315521","s","q4.1","1"
"SSB","DuckDB","none","evaluation"2","0.319282","s","q4.2","1"
"SSB","DuckDB","none","evaluation"2","0.169223","s","q4.3","1"
"SSB","DuckDB","none","evaluation"2","0.16867","s","q1.1","1"
"SSB","DuckDB","none","evaluation"2","0.180047","s","q1.2","1"
"SSB","DuckDB","none","evaluation"2","0.161045","s","q1.3","1"
"SSB","DuckDB","none","evaluation"2","0.157843","s","q2.1","1"
"SSB","DuckDB","none","evaluation"2","0.13449","s","q2.2","1"
"SSB","DuckDB","none","evaluation"2","0.118831","s","q2.3","1"
"SSB","DuckDB","none","evaluation"2","0.202842","s","q3.1","1"
"SSB","DuckDB","none","evaluation"2","0.116056","s","q3.2","1"
"SSB","DuckDB","none","evaluation"2","0.102605","s","q3.3","1"
"SSB","DuckDB","none","evaluation"2","0.10094","s","q3.4","1"
"SSB","DuckDB","none","evaluation"2","0.316186","s","q4.1","1"
"SSB","DuckDB","none","evaluation"2","0.318058","s","q4.2","1"
"SSB","DuckDB","none","evaluation"2","0.168868","s","q4.3","1"
"SSB","DuckDB","none","evaluation"2","0.166734","s","q1.1","1"
"SSB","DuckDB","none","evaluation"2","0.17848","s","q1.2","1"
"SSB","DuckDB","none","evaluation"2","0.162015","s","q1.3","1"
"SSB","DuckDB","none","evaluation"2","0.158752","s","q2.1","1"
"SSB","DuckDB","none","evaluation"2","0.134746","s","q2.2","1"
"SSB","DuckDB","none","evaluation"2","0.119011","s","q2.3","1"
"SSB","DuckDB","none","evaluation"2","0.203012","s","q3.1","1"
"SSB","DuckDB","none","evaluation"2","0.117841","s","q3.2","1"
"SSB","DuckDB","none","evaluation"2","0.102222","s","q3.3","1"
"SSB","DuckDB","none","evaluation"2","0.1012","s","q3.4","1"
"SSB","DuckDB","none","evaluation"2","0.316517","s","q4.1","1"
"SSB","DuckDB","none","evaluation"2","0.317909","s","q4.2","1"
"SSB","DuckDB","none","evaluation"2","0.169351","s","q4.3","1"
"SSB","DuckDB","none","evaluation"2","0.125138","s","q1.1","2"
"SSB","DuckDB","none","evaluation"2","0.114767","s","q1.2","2"
"SSB","DuckDB","none","evaluation"2","0.0851439","s","q1.3","2"
"SSB","DuckDB","none","evaluation"2","0.0837648","s","q2.1","2"
"SSB","DuckDB","none","evaluation"2","0.0723779","s","q2.2","2"
"SSB","DuckDB","none","evaluation"2","0.062897","s","q2.3","2"
"SSB","DuckDB","none","evaluation"2","0.107233","s","q3.1","2"
"SSB","DuckDB","none","evaluation"2","0.0618853","s","q3.2","2"
"SSB","DuckDB","none","evaluation"2","0.0538083","s","q3.3","2"
"SSB","DuckDB","none","evaluation"2","0.0539024","s","q3.4","2"
"SSB","DuckDB","none","evaluation"2","0.16937","s","q4.1","2"
"SSB","DuckDB","none","evaluation"2","0.17188","s","q4.2","2"
"SSB","DuckDB","none","evaluation"2","0.0878158","s","q4.3","2"
"SSB","DuckDB","none","evaluation"2","0.0928192","s","q1.1","2"
"SSB","DuckDB","none","evaluation"2","0.0935775","s","q1.2","2"
"SSB","DuckDB","none","evaluation"2","0.0852326","s","q1.3","2"
"SSB","DuckDB","none","evaluation"2","0.0842623","s","q2.1","2"
"SSB","DuckDB","none","evaluation"2","0.0727505","s","q2.2","2"
"SSB","DuckDB","none","evaluation"2","0.0632947","s","q2.3","2"
"SSB","DuckDB","none","evaluation"2","0.106594","s","q3.1","2"
"SSB","DuckDB","none","evaluation"2","0.0620494","s","q3.2","2"
"SSB","DuckDB","none","evaluation"2","0.0539985","s","q3.3","2"
"SSB","DuckDB","none","evaluation"2","0.0537248","s","q3.4","2"
"SSB","DuckDB","none","evaluation"2","0.169643","s","q4.1","2"
"SSB","DuckDB","none","evaluation"2","0.173773","s","q4.2","2"
"SSB","DuckDB","none","evaluation"2","0.0886597","s","q4.3","2"
"SSB","DuckDB","none","evaluation"2","0.0928356","s","q1.1","2"
"SSB","DuckDB","none","evaluation"2","0.0938366","s","q1.2","2"
"SSB","DuckDB","none","evaluation"2","0.0852751","s","q1.3","2"
"SSB","DuckDB","none","evaluation"2","0.0842332","s","q2.1","2"
"SSB","DuckDB","none","evaluation"2","0.0723024","s","q2.2","2"
"SSB","DuckDB","none","evaluation"2","0.0628883","s","q2.3","2"
"SSB","DuckDB","none","evaluation"2","0.108574","s","q3.1","2"
"SSB","DuckDB","none","evaluation"2","0.0623339","s","q3.2","2"
"SSB","DuckDB","none","evaluation"2","0.0548114","s","q3.3","2"
"SSB","DuckDB","none","evaluation"2","0.0536261","s","q3.4","2"
"SSB","DuckDB","none","evaluation"2","0.169598","s","q4.1","2"
"SSB","DuckDB","none","evaluation"2","0.172132","s","q4.2","2"
"SSB","DuckDB","none","evaluation"2","0.0876618","s","q4.3","2"
"SSB","DuckDB","none","evaluation"2","0.052048","s","q1.1","4"
"SSB","DuckDB","none","evaluation"2","0.0485109","s","q1.2","4"
"SSB","DuckDB","none","evaluation"2","0.0437987","s","q1.3","4"
"SSB","DuckDB","none","evaluation"2","0.0442417","s","q2.1","4"
"SSB","DuckDB","none","evaluation"2","0.0381527","s","q2.2","4"
"SSB","DuckDB","none","evaluation"2","0.0328936","s","q2.3","4"
"SSB","DuckDB","none","evaluation"2","0.056932","s","q3.1","4"
"SSB","DuckDB","none","evaluation"2","0.0338074","s","q3.2","4"
"SSB","DuckDB","none","evaluation"2","0.029079","s","q3.3","4"
"SSB","DuckDB","none","evaluation"2","0.0288982","s","q3.4","4"
"SSB","DuckDB","none","evaluation"2","0.0893032","s","q4.1","4"
"SSB","DuckDB","none","evaluation"2","0.0916081","s","q4.2","4"
"SSB","DuckDB","none","evaluation"2","0.0468812","s","q4.3","4"
"SSB","DuckDB","none","evaluation"2","0.0523635","s","q1.1","4"
"SSB","DuckDB","none","evaluation"2","0.0487472","s","q1.2","4"
"SSB","DuckDB","none","evaluation"2","0.0438737","s","q1.3","4"
"SSB","DuckDB","none","evaluation"2","0.0440832","s","q2.1","4"
"SSB","DuckDB","none","evaluation"2","0.0379302","s","q2.2","4"
"SSB","DuckDB","none","evaluation"2","0.0328117","s","q2.3","4"
"SSB","DuckDB","none","evaluation"2","0.0569697","s","q3.1","4"
"SSB","DuckDB","none","evaluation"2","0.0335736","s","q3.2","4"
"SSB","DuckDB","none","evaluation"2","0.0293414","s","q3.3","4"
"SSB","DuckDB","none","evaluation"2","0.0290316","s","q3.4","4"
"SSB","DuckDB","none","evaluation"2","0.0889694","s","q4.1","4"
"SSB","DuckDB","none","evaluation"2","0.0911948","s","q4.2","4"
"SSB","DuckDB","none","evaluation"2","0.0460366","s","q4.3","4"
"SSB","DuckDB","none","evaluation"2","0.0535565","s","q1.1","4"
"SSB","DuckDB","none","evaluation"2","0.0483267","s","q1.2","4"
"SSB","DuckDB","none","evaluation"2","0.0441177","s","q1.3","4"
"SSB","DuckDB","none","evaluation"2","0.0439415","s","q2.1","4"
"SSB","DuckDB","none","evaluation"2","0.0378923","s","q2.2","4"
"SSB","DuckDB","none","evaluation"2","0.033057","s","q2.3","4"
"SSB","DuckDB","none","evaluation"2","0.056551","s","q3.1","4"
"SSB","DuckDB","none","evaluation"2","0.0335381","s","q3.2","4"
"SSB","DuckDB","none","evaluation"2","0.0294588","s","q3.3","4"
"SSB","DuckDB","none","evaluation"2","0.0287198","s","q3.4","4"
"SSB","DuckDB","none","evaluation"2","0.0886157","s","q4.1","4"
"SSB","DuckDB","none","evaluation"2","0.090963","s","q4.2","4"
"SSB","DuckDB","none","evaluation"2","0.0458798","s","q4.3","4"
"SSB","DuckDB","none","evaluation"5","0.459883","s","q1.1","1"
"SSB","DuckDB","none","evaluation"5","0.456864","s","q1.2","1"
"SSB","DuckDB","none","evaluation"5","0.417233","s","q1.3","1"
"SSB","DuckDB","none","evaluation"5","0.460616","s","q2.1","1"
"SSB","DuckDB","none","evaluation"5","0.343719","s","q2.2","1"
"SSB","DuckDB","none","evaluation"5","0.306296","s","q2.3","1"
"SSB","DuckDB","none","evaluation"5","0.539472","s","q3.1","1"
"SSB","DuckDB","none","evaluation"5","0.299727","s","q3.2","1"
"SSB","DuckDB","none","evaluation"5","0.263185","s","q3.3","1"
"SSB","DuckDB","none","evaluation"5","0.25916","s","q3.4","1"
"SSB","DuckDB","none","evaluation"5","0.784625","s","q4.1","1"
"SSB","DuckDB","none","evaluation"5","0.773479","s","q4.2","1"
"SSB","DuckDB","none","evaluation"5","0.426825","s","q4.3","1"
"SSB","DuckDB","none","evaluation"5","0.481521","s","q1.1","1"
"SSB","DuckDB","none","evaluation"5","0.459723","s","q1.2","1"
"SSB","DuckDB","none","evaluation"5","0.42321","s","q1.3","1"
"SSB","DuckDB","none","evaluation"5","0.453463","s","q2.1","1"
"SSB","DuckDB","none","evaluation"5","0.343521","s","q2.2","1"
"SSB","DuckDB","none","evaluation"5","0.306579","s","q2.3","1"
"SSB","DuckDB","none","evaluation"5","0.53641","s","q3.1","1"
"SSB","DuckDB","none","evaluation"5","0.297491","s","q3.2","1"
"SSB","DuckDB","none","evaluation"5","0.26076","s","q3.3","1"
"SSB","DuckDB","none","evaluation"5","0.258188","s","q3.4","1"
"SSB","DuckDB","none","evaluation"5","0.781733","s","q4.1","1"
"SSB","DuckDB","none","evaluation"5","0.775196","s","q4.2","1"
"SSB","DuckDB","none","evaluation"5","0.429146","s","q4.3","1"
"SSB","DuckDB","none","evaluation"5","0.463011","s","q1.1","1"
"SSB","DuckDB","none","evaluation"5","0.458629","s","q1.2","1"
"SSB","DuckDB","none","evaluation"5","0.41799","s","q1.3","1"
"SSB","DuckDB","none","evaluation"5","0.451557","s","q2.1","1"
"SSB","DuckDB","none","evaluation"5","0.340892","s","q2.2","1"
"SSB","DuckDB","none","evaluation"5","0.30904","s","q2.3","1"
"SSB","DuckDB","none","evaluation"5","0.53415","s","q3.1","1"
"SSB","DuckDB","none","evaluation"5","0.297725","s","q3.2","1"
"SSB","DuckDB","none","evaluation"5","0.260675","s","q3.3","1"
"SSB","DuckDB","none","evaluation"5","0.259134","s","q3.4","1"
"SSB","DuckDB","none","evaluation"5","0.781951","s","q4.1","1"
"SSB","DuckDB","none","evaluation"5","0.769415","s","q4.2","1"
"SSB","DuckDB","none","evaluation"5","0.425748","s","q4.3","1"
"SSB","DuckDB","none","evaluation"5","0.250548","s","q1.1","2"
"SSB","DuckDB","none","evaluation"5","0.235901","s","q1.2","2"
"SSB","DuckDB","none","evaluation"5","0.227977","s","q1.3","2"
"SSB","DuckDB","none","evaluation"5","0.248232","s","q2.1","2"
"SSB","DuckDB","none","evaluation"5","0.184173","s","q2.2","2"
"SSB","DuckDB","none","evaluation"5","0.158534","s","q2.3","2"
"SSB","DuckDB","none","evaluation"5","0.280614","s","q3.1","2"
"SSB","DuckDB","none","evaluation"5","0.155483","s","q3.2","2"
"SSB","DuckDB","none","evaluation"5","0.136932","s","q3.3","2"
"SSB","DuckDB","none","evaluation"5","0.135408","s","q3.4","2"
"SSB","DuckDB","none","evaluation"5","0.411425","s","q4.1","2"
"SSB","DuckDB","none","evaluation"5","0.407767","s","q4.2","2"
"SSB","DuckDB","none","evaluation"5","0.220193","s","q4.3","2"
"SSB","DuckDB","none","evaluation"5","0.253225","s","q1.1","2"
"SSB","DuckDB","none","evaluation"5","0.238671","s","q1.2","2"
"SSB","DuckDB","none","evaluation"5","0.223569","s","q1.3","2"
"SSB","DuckDB","none","evaluation"5","0.242888","s","q2.1","2"
"SSB","DuckDB","none","evaluation"5","0.179906","s","q2.2","2"
"SSB","DuckDB","none","evaluation"5","0.160271","s","q2.3","2"
"SSB","DuckDB","none","evaluation"5","0.27893","s","q3.1","2"
"SSB","DuckDB","none","evaluation"5","0.15589","s","q3.2","2"
"SSB","DuckDB","none","evaluation"5","0.135988","s","q3.3","2"
"SSB","DuckDB","none","evaluation"5","0.135059","s","q3.4","2"
"SSB","DuckDB","none","evaluation"5","0.41219","s","q4.1","2"
"SSB","DuckDB","none","evaluation"5","0.409075","s","q4.2","2"
"SSB","DuckDB","none","evaluation"5","0.218459","s","q4.3","2"
"SSB","DuckDB","none","evaluation"5","0.294201","s","q1.1","2"
"SSB","DuckDB","none","evaluation"5","0.238545","s","q1.2","2"
"SSB","DuckDB","none","evaluation"5","0.214535","s","q1.3","2"
"SSB","DuckDB","none","evaluation"5","0.24244","s","q2.1","2"
"SSB","DuckDB","none","evaluation"5","0.180954","s","q2.2","2"
"SSB","DuckDB","none","evaluation"5","0.15944","s","q2.3","2"
"SSB","DuckDB","none","evaluation"5","0.279383","s","q3.1","2"
"SSB","DuckDB","none","evaluation"5","0.156078","s","q3.2","2"
"SSB","DuckDB","none","evaluation"5","0.137901","s","q3.3","2"
"SSB","DuckDB","none","evaluation"5","0.137122","s","q3.4","2"
"SSB","DuckDB","none","evaluation"5","0.411867","s","q4.1","2"
"SSB","DuckDB","none","evaluation"5","0.409457","s","q4.2","2"
"SSB","DuckDB","none","evaluation"5","0.219828","s","q4.3","2"
"SSB","DuckDB","none","evaluation"5","0.151488","s","q1.1","4"
"SSB","DuckDB","none","evaluation"5","0.1344","s","q1.2","4"
"SSB","DuckDB","none","evaluation"5","0.121346","s","q1.3","4"
"SSB","DuckDB","none","evaluation"5","0.120577","s","q2.1","4"
"SSB","DuckDB","none","evaluation"5","0.110153","s","q2.2","4"
"SSB","DuckDB","none","evaluation"5","0.101797","s","q2.3","4"
"SSB","DuckDB","none","evaluation"5","0.152354","s","q3.1","4"
"SSB","DuckDB","none","evaluation"5","0.0936687","s","q3.2","4"
"SSB","DuckDB","none","evaluation"5","0.0823748","s","q3.3","4"
"SSB","DuckDB","none","evaluation"5","0.0815584","s","q3.4","4"
"SSB","DuckDB","none","evaluation"5","0.229399","s","q4.1","4"
"SSB","DuckDB","none","evaluation"5","0.234404","s","q4.2","4"
"SSB","DuckDB","none","evaluation"5","0.12778","s","q4.3","4"
"SSB","DuckDB","none","evaluation"5","0.152867","s","q1.1","4"
"SSB","DuckDB","none","evaluation"5","0.135959","s","q1.2","4"
"SSB","DuckDB","none","evaluation"5","0.120776","s","q1.3","4"
"SSB","DuckDB","none","evaluation"5","0.120394","s","q2.1","4"
"SSB","DuckDB","none","evaluation"5","0.110098","s","q2.2","4"
"SSB","DuckDB","none","evaluation"5","0.0998613","s","q2.3","4"
"SSB","DuckDB","none","evaluation"5","0.151221","s","q3.1","4"
"SSB","DuckDB","none","evaluation"5","0.0943967","s","q3.2","4"
"SSB","DuckDB","none","evaluation"5","0.0828651","s","q3.3","4"
"SSB","DuckDB","none","evaluation"5","0.0817128","s","q3.4","4"
"SSB","DuckDB","none","evaluation"5","0.229901","s","q4.1","4"
"SSB","DuckDB","none","evaluation"5","0.239035","s","q4.2","4"
"SSB","DuckDB","none","evaluation"5","0.129496","s","q4.3","4"
"SSB","DuckDB","none","evaluation"5","0.129923","s","q1.1","4"
"SSB","DuckDB","none","evaluation"5","0.132875","s","q1.2","4"
"SSB","DuckDB","none","evaluation"5","0.121452","s","q1.3","4"
"SSB","DuckDB","none","evaluation"5","0.120904","s","q2.1","4"
"SSB","DuckDB","none","evaluation"5","0.111557","s","q2.2","4"
"SSB","DuckDB","none","evaluation"5","0.100512","s","q2.3","4"
"SSB","DuckDB","none","evaluation"5","0.152258","s","q3.1","4"
"SSB","DuckDB","none","evaluation"5","0.0981125","s","q3.2","4"
"SSB","DuckDB","none","evaluation"5","0.0837012","s","q3.3","4"
"SSB","DuckDB","none","evaluation"5","0.0816941","s","q3.4","4"
"SSB","DuckDB","none","evaluation"5","0.234709","s","q4.1","4"
"SSB","DuckDB","none","evaluation"5","0.24165","s","q4.2","4"
"SSB","DuckDB","none","evaluation"5","0.130603","s","q4.3","4"
"TATP","SQLite","PMem","loading"10000","271","ms","","1"
"TATP","SQLite","PMem","evaluation"10000","43141.1","tps","","1"
"TATP","SQLite","PMem","evaluation"10000","43120.4","tps","","1"
"TATP","SQLite","PMem","evaluation"10000","43150.1","tps","","1"
"TATP","SQLite","unix","loading"10000","1105","ms","","1"
"TATP","SQLite","unix","evaluation"10000","37201.9","tps","","1"
"TATP","SQLite","unix","evaluation"10000","36932.4","tps","","1"
"TATP","SQLite","unix","evaluation"10000","37034.3","tps","","1"
"TATP","SQLite","PMem","loading"100000","3246","ms","","1"
"TATP","SQLite","PMem","evaluation"100000","39842.9","tps","","1"
"TATP","SQLite","PMem","evaluation"100000","39763.6","tps","","1"
"TATP","SQLite","PMem","evaluation"100000","39754.4","tps","","1"
"TATP","SQLite","unix","loading"100000","12918","ms","","1"
"TATP","SQLite","unix","evaluation"100000","31972.9","tps","","1"
"TATP","SQLite","PMem","loading"10000","271","ms","","1"
"TATP","SQLite","PMem","evaluation"10000","43216.1","tps","","1"
"TATP","SQLite","PMem","evaluation"10000","43378","tps","","1"
